unidad_numero,posicion,fuego
27,ddi,8032
27,ddd,8031
27,tie,6857
27,tii,6858
27,tdi,7606
27,tde,7605
27,ra,6950
28,ddi,10837
28,ddd,10838
28,tie,10820
28,tii,10818
28,tdi,10819
28,tde,10817
611,ddi,4271
611,ddd,4272
611,cie,3664
611,cii,13VACIO
611,cdi,3666
611,cde,3667
611,tie,3969
611,tde,3867
33,ddi,11209
33,ddd,11210
33,cie,11403
33,cii,11402
33,cdi,11401
33,cde,11400
33,tie,11252
33,tde,11253
39,ddi,12928
39,ddd,12927
39,cie,10721B
39,cii,7201
39,cdi,10723
39,cde,12655
39,tie,11373
39,tde,11280B
39,ra,5399
40,ddi,13046
40,ddd,13045
40,cie,10936
40,cii,10935
40,cdi,10937
40,cde,10938
40,tie,11250
40,tde,11249
40,ra,5092
41,ddi,12167
41,ddd,12166
41,cie,10630
41,cii,10631
41,cdi,11358
41,cde,11357
41,tie,10788
41,tde,11254
41,ra,5408
3001,ddi,7628
3001,ddd,7629
3001,tie,6263
3001,tii,5683
3001,tdi,4467
3001,tde,5450
3001,ra,6257
3004,ddi,7386
3004,ddd,7387
3004,tie,5512
3004,tii,5611
3004,tdi,6945
3004,tde,6819
149,ddi,4275
149,ddd,5899
149,tie,5747R
149,tii,29vacio
149,tdi,5861R
149,tde,28vacio
3003,ddi,4613
3003,ddd,4702
3003,tie,4701
3003,tii,2VACIO
3003,tdi,6VACIO
3003,tde,4813
153,ddi,7250
153,ddd,7251
153,tie,7074
153,tii,6783
153,tdi,7146
153,tde,7147
153,ra,4408
159,ddi,7778
159,ddd,7777
159,tie,7420
159,tii,7421
159,tdi,6527
159,tde,6461
159,ra,5901B
161,ddi,9277
161,ddd,10279
161,tie,8997
161,tii,10098
161,tdi,9374
161,tde,9375
163,ddi,11085
163,ddd,11084
163,tie,8466R
163,tii,8454R
163,tdi,9019R
163,tde,7292R
165,ddi,12835
165,ddd,12914
165,tie,11322
165,tii,11321
165,tdi,11497
165,tde,11496
165,ra,5493
171,ddi,9582
171,ddd,9583
171,tie,8933
171,tii,7953R
171,tdi,6941
171,tde,6940
172,ddi,13247
172,ddd,13246
172,tie,11212
172,tii,11211
172,tdi,10590
172,tde,11220
172,ra,S/N
173,ddi,18VACIO
173,ddd,vacio38
173,tie,4290
173,tii,4491
173,tdi,vacio01
173,tde,S/N
174,ddi,11502
174,ddd,11503
174,tie,11427
174,tii,11426
174,tdi,10492
174,tde,10491
175,ddi,13225
175,ddd,13224
175,tie,11152
175,tii,11151
175,tdi,11137
175,tde,11138
180,ddi,11669
180,ddd,11668
180,tie,9993
180,tii,9994
180,tdi,9995
180,tde,9996
181,ddi,11856
181,ddd,11855
181,tie,11243
181,tii,11244
181,tdi,11245
181,tde,11246
183,ddi,13028
183,ddd,13027
183,tie,11293
183,tii,11294
183,tdi,9092
183,tde,9029
191,ddi,12448
191,ddd,12698
191,tie,10932
191,tii,10929
191,tdi,10931
191,tde,10928
191,ra,3064
192,ddi,11425
192,ddd,11424
192,tie,11077
192,tii,11076
192,tdi,11111
192,tde,10339
192,ra,6157
194,ddi,11768
194,ddd,11767
194,tie,11309
194,tii,11310
194,tdi,11694
194,tde,11695
194,ra,5825
195,ddi,12259
195,ddd,12258
195,tie,11318
195,tii,11317
195,tdi,10054
195,tde,10053
195,ra,5041
196,ddi,11766
196,ddd,11765
196,tie,11691
196,tii,11690
196,tdi,11416
196,tde,11417
196,ra,3754
197,ddi,12954
197,ddd,12953
197,tie,12955
197,tii,12956
197,tdi,12957
197,tde,12958
197,ra,9326
200,ddi,13325
200,ddd,13324
200,tie,11776
200,tii,11775
200,tdi,11774
200,tde,11773
201,ddi,13110
201,ddd,13109
201,tie,12558
201,tii,12559
201,tdi,12560
201,tde,12561
203,ddi,12700
203,ddd,12699
203,tie,11010
203,tii,11011
203,tdi,11012
203,tde,11013
204,ddi,12839
204,ddd,12838
204,tie,10438
204,tii,10437
204,tdi,9973
204,tde,9974
204,ra,8656
205,ddi,s/n
205,ddd,s/n
205,tie,S/N
205,tii,S/N
205,tdi,S/N
205,tde,S/N
206,ddi,S/N
206,ddd,S/N
206,tie,s/n
206,tii,s/n
206,tdi,S/N
206,tde,S/N
206,ra,s/n
207,ddi,10278
207,ddd,10215
207,tie,9818
207,tii,9834
207,tdi,9514
207,tde,9006
207,ra,VACIO
210,ddi,s/n
210,ddd,s/n
210,tie,S/N
210,tii,s/n
210,tdi,s/n
210,tde,S/N
211,ddi,12867
211,ddd,12866
211,tie,12868
211,tii,12869
211,tdi,12870
211,tde,12871
211,ra,11469
218,ddi,11770
218,ddd,11769
218,tie,9977
218,tii,9978
218,tdi,9979
218,tde,9980
219,ddi,12424
219,ddd,12423
219,tie,11328
219,tii,11327
219,tdi,11326
219,tde,11325
219,ra,7259
221,ddi,13022
221,ddd,13021
221,tie,11143
221,tii,11144
221,tdi,11145
221,tde,11146
222,ddi,13024
222,ddd,13023
222,tie,11149
222,tii,11150
222,tdi,3160
222,tde,3237
223,ddi,13222
223,ddd,13221
223,tie,11936
223,tii,11937
223,tdi,11938
223,tde,11939
228,ddi,13025
228,ddd,13026
228,tie,3193
228,tii,3289
228,tdi,11139
228,tde,11140
229,ddi,12426
229,ddd,12425
229,tie,12235
229,tii,12234
229,tdi,12233
229,tde,12232
230,ddi,s/n
230,ddd,s/n
230,tie,S/N
230,tii,S/N
230,tdi,S/N
230,tde,S/N
231,ddi,12075
231,ddd,12074
231,tie,S/N
231,tii,S/N
231,tdi,S/N
231,tde,S/N
231,ra,s/n
233,ddi,S/N
233,ddd,S/N
233,tie,s/n
233,tii,s/n
233,tdi,s/n
233,tde,s/n
234,ddi,11654
234,ddd,11628
234,tie,S/N
234,tii,S/N
234,tdi,S/N
234,tde,S/N
236,ddi,11948
236,ddd,11955
236,tie,13223
236,tii,13220
236,tdi,13219
236,tde,13218
237,ddi,12240
237,ddd,12241
237,tie,12242
237,tii,12243
237,tdi,12244
237,tde,12245
238,ddi,11760
238,ddd,11759
238,tie,10228
238,tii,9840
238,tdi,10670
238,tde,10281
240,ddi,12450
240,ddd,12449
240,tie,12900
240,tii,12901
240,tdi,12902
240,tde,12903
240,ra,14VACIO
241,ddi,13020
241,ddd,13019
241,tie,11213
241,tii,11214
241,tdi,11215
241,tde,11216
241,ra,8111
242,ddi,11154
242,ddd,11153
242,tie,11001
242,tii,11000
242,tdi,10999
242,tde,10998
242,ra,9087
243,ddi,13370
243,ddd,13369
243,tie,12354
243,tii,12357
243,tdi,12356
243,tde,12358
244,ddi,12960
244,ddd,12959
244,tie,12096
244,tii,12097
244,tdi,12098
244,tde,11986
245,ddi,11067
245,ddd,11066
245,tie,9682
245,tii,9681
245,tdi,9589
245,tde,9679
245,ra,S/N
246,ddi,11090
246,ddd,11095
246,tie,10260
246,tii,10262
246,tdi,11093
246,tde,11088
247,ddi,12986
247,ddd,12873
247,tie,12988
247,tii,12987
247,tdi,12989
247,tde,12990
247,ra,9269
248,ddi,12571
248,ddd,12570
248,tie,11912
248,tii,11913
248,tdi,12572
248,tde,12573
248,ra,9286
249,ddi,12569
249,ddd,12568
249,tie,12949
249,tii,12950
249,tdi,12951
249,tde,12952
250,ddi,11893
250,ddd,11892
250,tie,13240
250,tii,13241
250,tdi,13242
250,tde,13243
251,ddi,13319
251,ddd,13318
251,tie,12092
251,tii,12093
251,tdi,12094
251,tde,12095
441,ddi,11627
441,ddd,11626
441,tie,S/N
441,tii,S/N
441,tdi,s/n
441,tde,s/n
254,ddi,12962
254,ddd,12961
254,tie,12963
254,tii,12964
254,tdi,12965
254,tde,12966
2000,ddi,VACIO1
2000,ddd,VACIO2
2000,tie,6545R
2000,tii,6546R
2000,tdi,6232R
2000,tde,7028R
2000,ra,6582
42,ddi,13042
42,ddd,13041
42,cie,11758
42,cii,11757
42,cdi,11756
42,cde,11755
42,tie,11639
42,tde,11638
42,ra,s/n
259,ddi,12703
259,ddd,12702
259,tie,11922
259,tii,11923
259,tdi,11857
259,tde,11858
259,ra,3VACIO
258,ddi,11665
258,ddd,11664
258,tie,11676
258,tii,10497
258,tdi,11678
258,tde,11679
257,ddi,12187
257,ddd,12186
257,tie,10427
257,tii,10432
257,tdi,10545
257,tde,10546
257,ra,1VACIO
31,ddi,13049
31,ddd,13048
31,cie,13191
31,cii,13190
31,cdi,13189
31,cde,13188
31,tie,11251
31,tde,11256
31,ra,4019
261,ddi,11663
261,ddd,11435
261,tie,11680
261,tii,11681
261,tdi,11682
261,tde,11683
260,ddi,12451
260,ddd,12701
260,tie,3903
260,tii,3119
260,tdi,9828
260,tde,9829
262,ddi,12911
262,ddd,12910
262,tie,12052
262,tii,12053
262,tdi,12054
262,tde,12055
262,ra,vacio02
263,ddi,12436
263,ddd,12435
263,tie,12697
263,tii,12447
263,tdi,12695
263,tde,12696
146,ddi,11985
146,ddd,11984
146,tie,s/n
146,tii,s/n
146,tdi,s/n
146,tde,s/n
146,ra,7859
264,ddi,12430
264,ddd,12429
264,tie,11851
264,tii,11852
264,tdi,11853
264,tde,11854
264,ra,5VACIO
265,ddi,12821
265,ddd,12820
265,tie,10950
265,tii,3544
265,tdi,11115
265,tde,11221
152,ddi,10398
152,ddd,10397
152,tie,10399
152,tii,10400
152,tdi,10401
152,tde,10402
152,ra,VACIO
155,ddi,12567
155,ddd,12566
155,tie,10455R
155,tii,10537R
155,tdi,10217R
155,tde,10218R
155,ra,9256
271,ddi,12909
271,ddd,12908
271,tie,11481
271,tii,11064
271,tdi,11479
271,tde,11478
273,ddi,12905
273,ddd,12904
273,tie,11021
273,tii,11020
273,tdi,10493
273,tde,10162
272,ddi,11667
272,ddd,11666
272,tie,11926
272,tii,11927
272,tdi,11928
272,tde,11929
272,ra,7192
267,ddi,11952
267,ddd,11951
267,tie,12826
267,tii,10175
267,tdi,12828
267,tde,12829
125,ddi,10371
125,ddd,10372
125,tie,10454R
125,tii,10538R
125,tdi,10830R
125,tde,8744
227,ddi,9414
227,ddd,11692
227,tie,11706R
227,tii,10575R
227,tdi,9416R
227,tde,9417R
190,ddi,7709
190,ddd,7035
190,tie,7661
190,tii,7664
190,tdi,7663
190,tde,7662
190,ra,vacio03
268,ddi,13164
268,ddd,13163
268,tie,13084
268,tii,13083
268,tdi,13082
268,tde,13081
268,ra,S/N
266,ddi,13245
266,ddd,13244
266,tie,12059
266,tii,12058
266,tdi,12057
266,tde,12056
270,ddi,11661
270,ddd,11660
270,tie,11672
270,tii,11673
270,tdi,11674
270,tde,11675
220,ddi,11940
220,ddd,11941
220,tie,11477
220,tii,11476
220,tdi,11475
220,tde,11474
220,ra,vacio37
274,ddi,10812
274,ddd,12707
274,tie,11078
274,tii,11222
274,tdi,11007
274,tde,11006
252,ddi,10453
252,ddd,10458
252,tie,9663
252,tii,8308R
252,tdi,7967
252,tde,8206R
252,ra,vacio 22
269,ddi,s/n
269,ddd,s/n
269,tie,s/n
269,tii,s/n
269,tdi,s/n
269,tde,s/n
224,ddi,13323
224,ddd,13322
224,tie,10219R
224,tii,10220R
224,tdi,11029R
224,tde,11028R
225,ddi,12841
225,ddd,12840
225,tie,10603R
225,tii,10602R
225,tdi,10484R
225,tde,10604R
225,ra,S/N
226,ddi,13321
226,ddd,13320
226,tie,10053R
226,tii,10054R
226,tdi,10051R
226,tde,10601R
275,ddi,13080
275,ddd,13079
275,tie,13214
275,tii,13215
275,tdi,13216
275,tde,13217
409,ddi,S/N
409,ddd,S/N
409,tie,S/N
409,tde,s/n
44,ddi,12663
44,ddd,12662
44,cie,12147
44,cii,12146
44,cdi,12145
44,cde,12144
44,tie,12164
44,tde,12165
44,ra,7818
45,ddi,12932
45,ddd,12931
45,cie,12915
45,cii,12916
45,cdi,12917
45,cde,12918
45,tie,13044
45,tde,13043
45,ra,3752
46,ddi,11201
46,ddd,11044
46,cie,12535
46,cii,12536
46,cdi,12537
46,cde,12538
46,tie,12047
46,tde,12046
38,ddi,12660
38,ddd,12661
38,cie,12525
38,cii,12526
38,cdi,12527
38,cde,12528
38,tie,11248
38,tde,11247
38,ra,3423
256,ddi,11824
256,ddd,11820
256,tie,11094
256,tii,11089
256,tdi,11096
256,tde,11087
2028,ddi,11206
2028,ddd,11205
2028,cie,9094
2028,cii,11261
2028,cdi,11217
2028,cde,11218
2028,tie,12664
2028,tde,11704H
255,ddi,11441
255,ddd,11440
255,tie,11823
255,tii,11821
255,tdi,11822
255,tde,11819
255,ra,11468
145,ddi,vacio 23
145,ddd,5868
145,tie,5042
145,tii,5046
145,tdi,4708
145,tde,5432
145,ra,5581
147,ddi,10055
147,ddd,10056
147,tie,9239
147,tii,9240
147,tdi,9241
147,tde,9242
147,ra,S/N
405,ddi,s/n
405,ddd,s/n
405,tie,s/n
405,tde,s/n
420,ddi,S/N
420,ddd,S/N
420,tie,S/N
420,tde,S/N
410,ddi,S/N
410,ddd,S/N
410,tie,S/N
410,tde,S/N
47,ddi,13006
47,ddd,13005
47,cie,10997
47,cii,10409
47,cdi,10407
47,cde,10595
47,tie,11862
47,tde,11703
47,ra,5811
48,ddi,11370
48,ddd,11372
48,cie,12830
48,cii,12834
48,cdi,12832
48,cde,12833
48,tie,10567
48,tde,10511
48,ra,10674
49,ddi,11200
49,ddd,11374
49,cie,11156
49,cii,11158
49,cdi,11157
49,cde,11155
49,tie,13047
49,tde,13050
49,ra,VACIO
50,ddi,13001
50,ddd,13002
50,cie,12339
50,cii,12340
50,cdi,12341
50,cde,12342
50,tie,13289
50,tde,13288
50,ra,S/N
277,ddi,12405
277,ddd,11127
277,tie,10072
277,tii,10071
277,tdi,10070
277,tde,10069
277,ra,6547
286,ddi,10461
286,ddd,10462
286,tie,6927R
286,tii,8846R
286,tdi,7944R
286,tde,7942R
286,ra,s/n
198,ddi,s/n
198,ddd,s/n
198,tie,S/N
198,tii,S/N
198,tdi,s/n
198,tde,s/n
287,ddi,11456
287,ddd,11457
287,tie,10107
287,tii,9836
287,tdi,10105
287,tde,10110
287,ra,27vacio
288,ddi,10623
288,ddd,10622
288,tie,10627
288,tii,10626
288,tdi,10624
288,tde,10625
288,ra,8791
214,ddi,10366
214,ddd,10365
214,tie,10465
214,tii,10466
214,tdi,10467
214,tde,10468
214,ra,S/N
289,ddi,12497
289,ddd,12503
289,tie,10741
289,tii,10426
289,tdi,10695
289,tde,10694
289,ra,8805
290,ddi,10196
290,ddd,10200
290,tie,10899
290,tii,10900
290,tdi,10901
290,tde,10902
290,ra,9688
291,ddi,11339
291,ddd,11340
291,tie,11341
291,tii,11342
291,tdi,8887
291,tde,11343
291,ra,7487
292,ddi,11349
292,ddd,11350
292,tie,11346
292,tii,11345
292,tdi,11351
292,tde,11352
292,ra,10442
293,ddi,12679
293,ddd,12678
293,tie,12680
293,tii,12681
293,tdi,12682
293,tde,12683
293,ra,10449
425,ddi,s/n
425,ddd,s/n
425,tie,s/n
425,tde,s/n
216,ddi,12334
216,ddd,12333
216,tie,11083
216,tii,11082
216,tdi,7856
216,tde,8835
216,ra,26vacio
279,ddi,7883
279,ddd,7884
279,tie,6979
279,tii,6980
279,tdi,S/N
279,tde,7175
232,ddi,s/n
232,ddd,s/n
232,tie,S/N
232,tii,s/n
232,tdi,s/n
232,tde,s/n
280,ddi,11790
280,ddd,11789
280,tie,11791
280,tii,11792
280,tdi,11793
280,tde,11794
280,ra,vacio39
424,ddi,s/n
424,ddd,s/n
424,tie,s/n
424,tde,s/n
278,ddi,11708
278,ddd,11707
278,tie,11709
278,tii,11710
278,tdi,11711
278,tde,11712
278,ra,s/n
418,ddi,s/n
418,ddd,s/n
418,tie,S/N
418,tde,S/N
302,ddi,12907
302,ddd,12906
302,tie,12236
302,tii,12237
302,tdi,12238
302,tde,12239
297,ddi,12844
297,ddd,12843
297,tie,12211
297,tii,12210
297,tdi,12215
297,tde,12214
297,ra,6719
294,ddi,12331
294,ddd,12332
294,tie,11420
294,tii,11421
294,tdi,12216
294,tde,12218
294,ra,9745
300,ddi,11460
300,ddd,11452
300,tie,11450
300,tii,11449
300,tdi,11459
300,tde,11461
300,ra,9802
301,ddi,11451
301,ddd,11448
301,tie,11445
301,tii,11447
301,tdi,11444
301,tde,11443
301,ra,9090
299,ddi,11169
299,ddd,11172
299,tie,11168
299,tii,11170
299,tdi,11171
299,tde,11167
299,ra,6777B
281,ddi,s/n
281,ddd,s/n
281,tie,S/N
281,tii,S/N
281,tdi,S/N
281,tde,S/N
52,ddi,8686
52,ddd,8694
52,cie,8639
52,cii,8635
52,cdi,8638
52,cde,8637
52,tie,8446
52,tde,8445
52,ra,5689
423,ddi,12633
423,ddd,12632
423,tie,S/N
423,tde,S/N
2014,ddi,8352
2014,ddd,8351
2014,cie,7789
2014,cii,7790
2014,cdi,7791
2014,cde,7792
2014,tie,7847
2014,tde,7848
53,ddi,12154
53,ddd,12155
53,cie,9870
53,cii,9576
53,cdi,9869
53,cde,9552
53,tie,11054
53,tde,11052
53,ra,6753
2017,ddi,6387
2017,ddd,6388
2017,cie,5400
2017,cii,5397
2017,cdi,vacio 24
2017,cde,vacio 25
2017,tie,6083
2017,tde,6084
298,ddi,13030
298,ddd,13029
298,tie,13031
298,tii,13032
298,tdi,13033
298,tde,13034
298,ra,11265
217,ddi,9912
217,ddd,7864
217,tie,9917
217,tii,9915
217,tdi,9916
217,tde,9914
217,ra,6829
2018,ddi,7897B
2018,ddd,3469
2018,tie,7223
2018,tii,7222
2018,tdi,7439
2018,tde,7438
2018,ra,7138
303,ddi,12549
303,ddd,12548
303,tie,12039
303,tii,12038
303,tdi,11953
303,tde,11954
51,ddi,12041
51,ddd,12040
51,cie,12198
51,cii,12199
51,cdi,12200
51,cde,12209
51,tie,12042
51,tde,12043
51,ra,5749
296,ddi,6637
296,ddd,6640
296,tie,6826
296,tii,6827
296,tdi,6826B
296,tde,6827B
3000,ddi,S/N
3000,ddd,S/N
3000,tie,11911
3000,tii,11908
3000,tdi,s/n
3000,tde,s/n
3000,ra,S/N
215,ddi,13327
215,ddd,13326
215,tie,10008
215,tii,10007
215,tdi,10006
215,tde,10005
215,ra,3645
306,ddi,11490
306,ddd,10941
306,tie,10940
306,tii,11484
306,tdi,11493
306,tde,11491
306,ra,s/n
283,ddi,11873
283,ddd,11872
283,tie,11907
283,tii,11906
283,tdi,11905
283,tde,11904
295,ddi,11895
295,ddd,11894
295,tie,8841
295,tii,8842
295,tdi,8843
295,tde,8844
55,ddi,11863
55,ddd,11830
55,cie,8484
55,cii,8483
55,cdi,8482
55,cde,8481
55,tie,11384
55,tde,11385
55,ra,8803
54,ddi,10836
54,ddd,10833
54,cie,10751
54,cii,10597
54,cdi,10752
54,cde,10750
54,tie,11842
54,tde,12153
54,ra,6306
309,ddi,13126
309,ddd,13125
309,tie,12081
309,tii,12076
309,tdi,12079
309,tde,12077
308,ddi,12013
308,ddd,12012
308,tie,11900
308,tii,11901
308,tdi,11902
308,tde,11903
2021,ddi,12709
2021,ddd,12708
2021,tie,12710
2021,tii,12711
2021,tdi,12712
2021,tde,12713
56,ddi,12936
56,ddd,12935
56,cie,13040
56,cii,13039
56,cdi,13037
56,cde,13038
56,tie,12322
56,tde,12315
56,ra,1
305,ddi,11699
305,ddd,11698
305,tie,9249
305,tii,9250
305,tdi,9251
305,tde,9252
305,ra,6291
304,ddi,11419
304,ddd,11418
304,tie,9938
304,tii,9939
304,tdi,9940
304,tde,9941
304,ra,4540
2010,ddi,12027
2010,ddd,12026
2010,tie,12028
2010,tii,9822
2010,tdi,12030
2010,tde,12031
2010,ra,6573
2023,ddi,7704
2023,ddd,7705
2023,tie,6281
2023,tii,6282
2023,tdi,6525
2023,tde,6526
2027,ddi,9691
2027,ddd,9694
2027,cie,8370
2027,cii,8367
2027,cdi,8348
2027,cde,8347
2027,tie,9653
2027,tde,8878
311,ddi,11051
311,ddd,11050
311,tie,10352
311,tii,10351
311,tdi,10356
311,tde,10355
311,ra,S/N
310,ddi,11511
310,ddd,11510
310,tie,11512
310,tii,11513
310,tdi,11514
310,tde,11515
310,ra,8162
315,ddi,10945
315,ddd,10944
315,tie,10948
315,tii,10949
315,tdi,10947
315,tde,10946
315,ra,8298
307,ddi,12787
307,ddd,12786
307,tie,12795
307,tii,12794
307,tdi,12792
307,tde,12793
307,ra,11465
2024,ddi,13112
2024,ddd,13111
2024,tie,12220
2024,tii,12221
2024,tdi,12222
2024,tde,12223
57,ddi,11700
57,ddd,11701
57,cie,12173
57,cii,12174
57,cdi,12175
57,cde,12172
57,tie,12319
57,tde,12318
57,ra,4387
427,ddi,12505
427,ddd,12506
427,tie,11540
427,tde,11541
427,ra,S/N
312,ddi,11471
312,ddd,11470
312,tie,10888
312,tii,10067
312,tdi,12291
312,tde,12290
312,ra,8764
284,ddi,s/n
284,ddd,s/n
284,tie,s/n
284,tii,s/n
284,tdi,s/n
284,tde,s/n
429,ddi,13052
429,ddd,13051
429,tie,13054
429,tde,13053
429,ra,s/n
411,ddi,S/N
411,ddd,S/N
411,tie,S/N
411,tde,S/N
411,ra,S/N
430,ddi,S/N
430,ddd,S/N
430,tie,S/N
430,tde,S/N
2031,ddi,11304
2031,ddd,11303
2031,tie,10501
2031,tii,10502
2031,tdi,10040
2031,tde,10039
2032,ddi,11063
2032,ddd,11062
2032,tie,9703
2032,tii,9704
2032,tdi,9705
2032,tde,9088
62,ddi,11650
62,ddd,11651
62,cie,10101
62,cii,10102
62,cdi,10103
62,cde,10104
62,tie,11190
62,tde,11189
62,ra,s/n
2033,ddi,12547
2033,ddd,12546
2033,tie,10696
2033,tii,10699
2033,tdi,10202
2033,tde,10330
2033,ra,3658
282,ddi,11910
282,ddd,11909
282,tie,S/N
282,tii,S/N
282,tdi,S/N
282,tde,S/N
58,ddi,11840
58,ddd,11835
58,cie,10593
58,cii,12359
58,cdi,12361
58,cde,10758
58,tie,12321
58,tde,12320
58,ra,10679
2030,ddi,9722
2030,ddd,9721
2030,tie,9878
2030,tii,9879
2030,tdi,9665
2030,tde,9664
59,ddi,12159
59,ddd,12158
59,cie,12764
59,cii,12765
59,cdi,12766
59,cde,12767
59,tie,13014
59,tde,13015
59,ra,5606
61,ddi,11829
61,ddd,11828
61,cie,12265
61,cii,12264
61,cdi,12262
61,cde,12263
61,tie,12817
61,tde,12818
60,ddi,10832
60,ddd,11834
60,cie,10907
60,cii,10908
60,cdi,10905
60,cde,10906
60,tie,12316
60,tde,12317
317,ddi,12557
317,ddd,12556
317,tie,11505
317,tii,11504
317,tdi,11227
317,tde,11228
316,ddi,11500
316,ddd,11501
316,tie,10157
316,tii,9626
316,tdi,10155
316,tde,10154
428,ddi,s/n
428,ddd,s/n
428,tie,s/n
428,tde,s/n
428,ra,S/N
433,ddi,S/N
433,ddd,S/N
433,tie,S/N
433,tde,S/N
2034,ddi,13174
2034,ddd,13173
2034,tie,10718
2034,tii,11280
2034,tdi,12827
2034,tde,11430
318,ddi,12563
318,ddd,12562
318,tie,11633
318,tii,11632
318,tdi,11631
318,tde,11630
318,ra,5412
319,ddi,12551
319,ddd,12550
319,tie,10548
319,tii,10547
319,tdi,11296
319,tde,11295
319,ra,S/N
320,ddi,12705
320,ddd,12704
320,tie,11930
320,tii,11931
320,tdi,11932
320,tde,11933
320,ra,7761
2040,tie,5794R
2040,tii,6149R
2040,tdi,5896R
2040,tde,5897R
2037,ddi,31vacio
2037,ddd,30vacio
2037,cie,vacio32
2037,cii,vacio33
2037,cdi,vacio34
2037,cde,vacio35
2037,tie,5769
2037,tde,6409
321,ddi,12913
321,ddd,12912
321,tie,11058
321,tii,11059
321,tdi,11060
321,tde,11061
321,ra,7580
323,ddi,12715
323,ddd,12714
323,tie,11394
323,tii,11395
323,tdi,11396
323,tde,11397
323,ra,VACIO
330,ddi,11517
330,ddd,11525
330,tie,11487
330,tii,11488
330,tdi,11483
330,tde,11489
330,ra,10943
331,ddi,12387
331,ddd,12393
331,tie,10869
331,tii,10874
331,tdi,10856
331,tde,10872
331,ra,10549
325,ddi,12496
325,ddd,12495
325,tie,11362
325,tii,11365
325,tdi,11749
325,tde,11750
325,ra,9883
326,ddi,11809
326,ddd,11803
326,tie,11802
326,tii,10700
326,tdi,11804
326,tde,10446
327,ddi,12360
327,ddd,12355
327,tie,10205
327,tii,12352
327,tdi,12353
327,tde,10211
328,ddi,11807
328,ddd,11806
328,tie,11805
328,tii,11801
328,tdi,11810
328,tde,11808
329,ddi,12781
329,ddd,12780
329,tie,12782
329,tii,12783
329,tdi,12784
329,tde,12785
329,ra,9625
432,ddi,s/n
432,ddd,s/n
432,tie,s/n
432,tde,s/n
322,ddi,11754
322,ddd,11753
322,tie,11408
322,tii,11409
322,tdi,11410
322,tde,11411
322,ra,4652
324,ddi,12438
324,ddd,12437
324,tie,11308
324,tii,11307
324,tdi,11306
324,tde,11305
334,ddi,12229
334,ddd,12228
334,tie,10350
334,tii,10349
334,tdi,10348
334,tde,10347
334,ra,17VACIO
335,ddi,12565
335,ddd,12564
335,tie,10580
335,tii,11688
335,tdi,10827
335,tde,10828
335,ra,7863
717,tie,7919
717,tii,7920
717,tdi,7921
717,tde,7922
718,ddi,7928
718,ddd,7927
718,tie,3982
718,tii,7926
336,ddi,11989
336,ddd,11988
336,tie,10894
336,tii,10885
336,tdi,10884
336,tde,10883
336,ra,6737
337,ddi,11915
337,ddd,11914
337,tie,10844
337,tii,10842
337,tdi,11781
337,tde,11782
337,ra,7979
338,ddi,12577
338,ddd,12576
338,tie,11123
338,tii,11122
338,tdi,11121
338,tde,11120
339,ddi,12872
339,ddd,12985
339,tie,11919
339,tii,11918
339,tdi,11917
339,tde,11916
340,ddi,12575
340,ddd,12574
340,tie,12864
340,tii,12865
340,tdi,11473
340,tde,11472
340,ra,7805
332,ddi,8073
332,ddd,8074
332,tie,8036
332,tii,8035
332,tdi,8123
332,tde,8122
333,ddi,8137
333,ddd,8136
333,tie,8138
333,tii,8139
333,tdi,8140
333,tde,8141
437,ddi,s/n
437,ddd,s/n
437,tie,s/n
437,tde,s/n
436,ddi,S/N
436,ddd,S/N
436,tie,S/N
436,tde,S/N
63,ddi,12444
63,ddd,12443
63,cie,11257
63,cii,11258
63,cdi,11259
63,cde,11260
63,tie,12403
63,tde,12404
63,ra,7691
64,ddi,12402
64,ddd,12401
64,cie,12768
64,cii,12769
64,cdi,12770
64,cde,12771
64,tie,12812
64,tde,12811
64,ra,10416
65,ddi,12156
65,ddd,12157
65,cie,12799
65,cii,12798
65,cdi,12797
65,cde,12796
65,tie,12813
65,tde,12810
66,ddi,13013
66,ddd,13016
66,cie,11164
66,cii,11163
66,cdi,11165
66,cde,11166
66,tie,12453
66,tde,12452
66,ra,9138
341,ddi,12446
341,ddd,12445
341,tie,12269
341,tii,12268
341,tdi,12267
341,tde,12266
67,ddi,13009
67,ddd,13010
67,cie,10762
67,cii,10754
67,cdi,10996
67,cde,9769
67,tie,12455
67,tde,12454
67,ra,9261
68,ddi,13008
68,ddd,13007
68,cie,12343
68,cii,12344
68,cdi,12345
68,cde,12346
68,tie,12313
68,tde,11646
68,ra,11364
345,ddi,11993
345,ddd,11992
345,tie,11407
345,tii,11406
345,tdi,11405
345,tde,11404
342,ddi,12275
342,ddd,12274
342,tie,12249
342,tii,12248
342,tdi,12247
342,tde,12246
342,ra,8755
344,ddi,13255
344,ddd,13254
344,tie,10813
344,tii,10814
344,tdi,12024
344,tde,10816
347,ddi,12489
347,ddd,12493
347,tie,9872
347,tii,8460
347,tdi,10709
347,tde,9895
347,ra,10596
440,ddi,s/n
440,ddd,S/N
440,tie,s/n
440,tde,s/n
440,ra,s/n
2041,ddi,11891
2041,ddd,11890
2041,tie,11637
2041,tii,11636
2041,tdi,11635
2041,tde,11634
348,ddi,11269
348,ddd,11270
348,tie,11267
348,tii,11271
348,tdi,11272
348,tde,11268
348,ra,9211
349,ddi,12348
349,ddd,12347
349,tie,12485
349,tii,12486
349,tdi,12488
349,tde,12411
349,ra,10334
350,ddi,12412
350,ddd,12487
350,tie,10910
350,tii,10528
350,tdi,10747
350,tde,10909
350,ra,9091
2044,ddi,4232
2044,ddd,4232
2044,tie,4234
2044,tii,3780
2044,tdi,3578
2044,tde,3577
346,ddi,12993
346,ddd,12992
346,tie,11125
346,tii,11126
346,tdi,10767
346,tde,10774
346,ra,8649
2043,ddi,3335
2043,ddd,3600
2043,tie,3825
2043,tii,3826
2043,tdi,3306
2043,tde,3860B
2042,ddi,8569
2042,ddd,8570
2042,tie,8883
2042,tii,8884
2042,tdi,8885
2042,tde,8886
351,ddi,11752
351,ddd,11751
351,tie,12775
351,tii,12777
351,tdi,12499
351,tde,12779
351,ra,10085
352,ddi,12494
352,ddd,12926
352,tie,12491
352,tii,10329
352,tdi,10147
352,tde,12350
352,ra,10592
343,ddi,13018
343,ddd,13017
343,tie,9339
343,tii,11848
343,tdi,11849
343,tde,11850
439,ddi,12650
439,ddd,12651
439,tie,12003
439,tde,12004
439,ra,S/N
356,ddi,11969
356,ddd,11968
356,tie,12023
356,tii,12022
356,tdi,12021
356,tde,12020
69,ddi,11831
69,ddd,11861
69,cie,11276
69,cii,11274
69,cdi,11273
69,cde,11275
69,tie,12669
69,tde,12668
69,ra,7052
70,ddi,12666
70,ddd,12667
70,cie,11159
70,cii,11160
70,cdi,11161
70,cde,11162
70,tie,13011
70,tde,13012
70,ra,10403
442,ddi,S/N
442,ddd,S/N
442,tie,s/n
442,tde,s/n
442,ra,s/n
443,ddi,12591
443,ddd,12590
443,tie,12592
443,tde,12593
443,ra,S/N
444,ddi,S/N
444,ddd,S/N
444,tie,S/N
444,tde,S/N
444,ra,S/N
358,ddi,12285
358,ddd,12284
358,tie,12286
358,tii,12287
358,tdi,12288
358,tde,12289
358,ra,10003
357,ddi,13108
357,ddd,13107
357,tie,11237
357,tii,11238
357,tdi,11236
357,tde,11235
354,ddi,9166
354,ddd,9165
354,tie,9163
354,tii,9164
354,tdi,9162
354,tde,9161
366,ddi,12943
366,ddd,12846
366,tie,10961
366,tii,10960
366,tdi,10536
366,tde,10962
366,ra,vacio25
371,ddi,11312
371,ddd,11314
371,tie,vacio36
371,tii,9174
371,tdi,9319
371,tde,9497
371,ra,vacio36
368,ddi,12336
368,ddd,12335
368,tie,9187
368,tii,9170
368,tdi,10335
368,tde,10533
368,ra,10534
375,ddi,11973
375,ddd,11975
375,tie,11972
375,tii,10958
375,tdi,10959
375,tde,11980
375,ra,6289
374,ddi,11032
374,ddd,11037
374,tie,9243
374,tii,9244
374,tdi,9246
374,tde,9245
374,ra,vacio21
373,ddi,3012
373,ddd,11316
373,tie,9185
373,tii,9184
373,tdi,9353
373,tde,S/N
373,ra,VACIO
372,ddi,11315
372,ddd,11313
372,tie,9361
372,tii,9368B
372,tdi,11035
372,tde,11311
365,ddi,10539
365,ddd,10540
365,tie,9403
365,tii,9402
365,tdi,9399
365,tde,9398
365,ra,9404
367,ddi,12842
367,ddd,12945
367,tie,10477
367,tii,10480
367,tdi,10479
367,tde,10478
369,ddi,11979
369,ddd,11978
369,tie,11982
369,tii,11983
369,tdi,11974
369,tde,11981
370,ddi,11033
370,ddd,11036
370,tie,s/n
370,tii,s/n
370,tdi,s/n
370,tde,s/n
376,ddi,13161
376,ddd,12847
376,tie,9317
376,tii,9327
376,tdi,11976
376,tde,11977
377,ddi,12280
377,ddd,12283
377,tie,8729
377,tii,8728
377,tdi,8727
377,tde,8726
378,ddi,12845
378,ddd,12944
378,tie,s/n
378,tii,s/n
378,tdi,s/n
378,tde,s/n
360,ddi,13239
360,ddd,13238
360,tie,8949R
360,tii,8948R
360,tdi,10966R
360,tde,10967R
364,ddi,12392
364,ddd,12390
364,tie,12395
364,tii,12391
364,tdi,12396
364,tde,12388
364,ra,10873
355,ddi,11965
355,ddd,10687
355,tie,11963
355,tii,11964
355,tdi,11966
355,tde,11962
379,ddi,8429
379,ddd,8430
379,tie,9564
379,tii,9563
379,tdi,9022
379,tde,9565
446,ddi,11883
446,ddd,11880
446,tie,11882
446,tde,11881
446,ra,s/n
447,ddi,11542
447,ddd,11543
447,tie,s/n
447,tde,s/n
447,ra,s/n
454,ddi,11731
454,ddd,11719
454,tie,s/n
454,tde,s/n
454,ra,s/n
455,ddi,12897
455,ddd,12896
455,tie,12898
455,tde,12899
455,ra,s/n
361,ddi,11812
361,ddd,11811
361,tie,11813
361,tii,11814
361,tdi,11815
361,tde,11816
362,ddi,11194
362,ddd,11193
362,tie,11797
362,tii,11798
362,tdi,11796
362,tde,11800
384,ddi,11659
384,ddd,S/N
384,tie,S/N
384,tii,S/N
384,tdi,S/N
384,tde,S/N
384,ra,s/n
385,ddi,12579
385,ddd,12578
385,tie,12967
385,tii,12968
385,tdi,12303
385,tde,12310
385,ra,s/n
386,ddi,12070
386,ddd,12069
386,tie,s/n
386,tii,s/n
386,tdi,s/n
386,tde,s/n
353,ddi,12400
353,ddd,12399
353,tie,12431
353,tii,12432
353,tdi,12433
353,tde,12434
380,ddi,12261
380,ddd,12260
380,tie,8497
380,tii,8498
380,tdi,11412
380,tde,11413
388,ddi,12080
388,ddd,12078
388,tie,12583
388,tii,12582
388,tdi,12584
388,tde,12585
382,ddi,9657
382,ddd,9656
382,tie,9661
382,tii,9660
382,tdi,9659
382,tde,9658
383,ddi,13116
383,ddd,13115
383,tie,12252
383,tii,12253
383,tdi,12254
383,tde,12255
456,ddi,11722
456,ddd,11726
456,tie,11536
456,tde,11530
456,ra,S/N
381,ddi,11697
381,ddd,11696
381,tie,9732
381,tii,9498
381,tdi,10370
448,ddi,11736
448,ddd,11734
448,tie,S/N
448,tde,S/N
448,ra,s/n
458,ddi,11729
458,ddd,11740
458,tie,11533
458,tde,11528
458,ra,S/N
460,ddi,11741
460,ddd,11733
460,tie,11720
460,tde,11717
460,ra,s/n
457,ddi,12479
457,ddd,12472
457,tie,12476
457,tde,12470
457,ra,s/n
390,ddi,12257
390,ddd,12256
390,tie,10009
390,tii,10012
390,tdi,10013
390,tde,10011
390,ra,3629
391,ddi,13114
391,ddd,13113
391,tie,9967
391,tii,9971
391,tdi,9970
391,tde,9968
391,ra,3592
387,ddi,12580
387,ddd,12581
387,tie,11653
387,tii,S/N
387,tde,11652
445,ddi,s/n
445,ddd,s/n
445,tie,s/n
445,tde,s/n
449,ddi,11742
449,ddd,11730
449,tie,s/n
449,tde,s/n
449,ra,s/n
463,ddi,11724
463,ddd,11727
463,tie,s/n
463,tde,s/n
463,ra,S/N
462,ddi,11620
462,ddd,11618
462,tie,11621
462,tde,11619
462,ra,11622
459,ddi,12745
459,ddd,12744
459,tie,12746
459,tde,12747
392,ddi,S/N
392,ddd,S/N
392,tie,S/N
392,tde,S/N
393,ddi,11996
393,ddd,11994
393,tie,11997
393,tde,11995
393,ra,S/N
394,ddi,12128
394,ddd,12131
394,tie,12130
394,tde,12129
394,ra,11642
395,ddi,12118
395,ddd,12106
395,tie,12104
395,tde,12102
395,ra,12101
450,ddi,S/N
450,ddd,S/N
450,tie,S/N
450,tde,S/N
71,ddi,13000
71,ddd,12999
71,cie,13339
71,cii,13338
71,cdi,13340
71,cde,13341
71,tie,12998
71,tde,12997
5000,ddi,13090
5000,ddd,13089
5000,tie,12193
5000,tii,12192
5000,tdi,12191
5000,tde,12190
5000,ra,10736
5001,ddi,13391
5001,ddd,13213
5001,tie,12194
5001,tii,12195
5001,tdi,12196
5001,tde,12197
5004,ddi,11524
5004,ddd,11527
5004,tie,11523
5004,tii,10853
5004,tdi,11522
5004,tde,11521
5004,ra,11519
72,ddi,12440
72,ddd,12439
72,cie,11745
72,cii,11746
72,cdi,11747
72,cde,11748
72,tie,12929
72,tde,12930
72,ra,10934
389,ddi,12587
389,ddd,12586
389,tie,12068
389,tii,12073
389,tdi,12072
389,tde,12071
5002,ddi,13206
5002,ddd,13199
5002,tie,12273
5002,tii,12272
5002,tdi,12271
5002,tde,12270
5003,ddi,12763
5003,ddd,12520
5003,tie,11231
5003,tii,11232
5003,tdi,11233
5003,tde,11234
5005,ddi,12277
5005,ddd,11671
5005,tie,12822
5005,tii,12823
5005,tdi,12824
5005,tde,12825
5006,ddi,13165
5006,ddd,13166
5006,tie,13167
5006,tii,13168
5006,tdi,13169
5006,tde,13170
5015,ddi,11713
5015,ddd,11714
5015,tie,11715
5015,tde,11716
5015,ra,12296
5018,ddi,13127
5018,ddd,13128
5018,tie,12970
5018,tii,12972
5018,tdi,12969
5018,tde,12971
5019,ddi,11565
5019,ddd,11564
5019,tie,11566
5019,tii,11567
5019,tdi,11568
5019,tde,11569
5020,ddi,11571
5020,ddd,11570
5020,tie,11572
5020,tii,11573
5020,tdi,11574
5020,tde,11575
5021,ddi,11577
5021,ddd,11576
5021,tie,11578
5021,tii,11579
5021,tdi,11580
5021,tde,11581
5022,ddi,11583
5022,ddd,11582
5022,tie,11584
5022,tii,11585
5022,tdi,11586
5022,tde,11587
5026,ddi,11607
5026,ddd,11606
5026,tie,11825
5026,tii,11826
5026,tdi,11610
5026,tde,11611
5025,ddi,11601
5025,ddd,11600
5025,tie,11602
5025,tii,11603
5025,tdi,11604
5025,tde,11605
5024,ddi,12061
5024,ddd,12060
5024,tie,10863
5024,tii,10864
5024,tdi,10865
5024,tde,10866
5023,ddi,11589
5023,ddd,11588
5023,tie,11590
5023,tii,11591
5023,tdi,11592
5023,tde,11593
5017,ddi,12295
5017,ddd,12294
5017,tie,11554
5017,tii,11555
5017,tdi,11556
5017,tde,11557
5011,ddi,13329
5011,ddd,13328
5011,tie,13333
5011,tii,13332
5011,tdi,13331
5011,tde,13330
5011,ra,12553
5008,ddi,12089
5008,ddd,12088
5008,tie,12090
5008,tde,12091
5008,ra,12100
5030,ddi,12007
5030,ddd,12006
5030,tie,12008
5030,tii,12009
5030,tdi,12010
5030,tde,12011
5031,ddi,12015
5031,ddd,12014
5031,tie,12016
5031,tii,12017
5031,tdi,12018
5031,tde,12019
5016,ddi,12292
5016,ddd,12293
5016,tie,12084
5016,tii,12085
5016,tdi,12086
5016,tde,12087
5007,ddi,12428
5007,ddd,12427
5007,tie,11548
5007,tii,11549
5007,tdi,11550
5007,tde,11551
5033,ddi,12389
5033,ddd,12398
5033,tie,11526
5033,tii,12397
5033,tdi,11516
5033,tde,12394
5033,ra,12117
5010,ddi,12168
5010,ddd,12169
5010,tie,12170
5010,tde,12171
5010,ra,12133
5014,ddi,12202
5014,ddd,12201
5014,tie,12203
5014,tii,12204
5014,tdi,12205
5014,tde,12206
5032,ddi,12119
5032,ddd,12120
5032,tie,12121
5032,tde,12122
5032,ra,12105
5009,ddi,12124
5009,ddd,12125
5009,tie,12126
5009,tde,12127
5034,ddi,12481
5034,ddd,12480
5034,tie,12482
5034,tde,12483
5034,ra,12484
5036,ddi,12298
5036,ddd,12297
5036,tie,12299
5036,tii,12300
5036,tdi,12301
5036,tde,12302
5036,ra,3096
5012,ddi,12540
5012,ddd,12539
5012,tie,12541
5012,tii,12542
5012,tdi,12543
5012,tde,12544
5037,ddi,13132
5037,ddd,13131
5037,tie,12306
5037,tii,12307
5037,tdi,12308
5037,tde,12309
5037,ra,3100
5028,ddi,12418
5028,ddd,12417
5028,tie,12419
5028,tii,12420
5028,tdi,12421
5028,tde,12422
5028,ra,10315
73,ddi,12524
73,ddd,12523
73,cie,12413
73,cii,12414
73,cdi,12415
73,cde,12416
73,tie,13284
73,tde,13283
5040,ddi,12508
5040,ddd,12507
5040,tie,12509
5040,tii,12510
5040,tdi,12511
5040,tde,12512
5041,ddi,12515
5041,ddd,12514
5041,tie,12516
5041,tii,12517
5041,tdi,12518
5041,tde,12519
74,ddi,12814
74,ddd,12816
74,cie,11266
74,cii,9091B
74,cdi,11264
74,cde,11263
74,tie,12532
74,tde,12531
5029,ddi,12673
5029,ddd,12672
5029,tie,12674
5029,tii,12675
5029,tdi,12676
5029,tde,12677
5029,ra,10628
5035,ddi,12731
5035,ddd,12730
5035,tie,12732
5035,tde,12733
5035,ra,12734
461,ddi,12741
461,ddd,12740
461,tie,12742
461,tde,12743
5038,ddi,12653
5038,ddd,12652
5038,tie,12690
5038,tii,S/N
5038,tdi,12689
5038,tde,12688
5043,ddi,12758
5043,ddd,12757
5043,tie,12759
5043,tii,12760
5043,tdi,12761
5043,tde,12762
5042,ddi,12751
5042,ddd,12750
5042,tie,12752
5042,tii,12753
5042,tdi,12754
5042,tde,12755
5044,ddi,13056
5044,ddd,13055
5044,tie,13057
5044,tii,13058
5044,tdi,13059
5044,tde,13060
75,ddi,13176
75,ddd,13175
75,cie,13138
75,cii,13137
75,cdi,13136
75,cde,13135
75,tie,13177
75,tde,13178
75,ra,12490
77,ddi,13185
77,ddd,13184
77,cie,13139
77,cii,13140
77,cdi,13141
77,cde,13142
77,tie,13186
77,tde,13187
77,ra,12492
5045,ddi,13194
5045,ddd,13193
5045,tie,13195
5045,tii,13196
5045,tdi,13197
5045,tde,13198
5046,ddi,13201
5046,ddd,13200
5046,tie,13202
5046,tii,13203
5046,tdi,13204
5046,tde,13205
5047,ddi,13208
5047,ddd,13207
5047,tie,13209
5047,tii,13210
5047,tdi,13211
5047,tde,13212
5054,ddi,12974
5054,ddd,12973
5054,tie,12975
5054,tii,12976
5054,tdi,12977
5054,tde,12978
5055,ddi,13266
5055,ddd,13265
5055,tie,13267
5055,tii,13268
5055,tdi,13269
5055,tde,13270
5051,ddi,12981
5051,ddd,12980
5051,tie,12982
5051,tde,12983
5051,ra,12860
78,ddi,13352
78,ddd,13351
78,cie,13145
78,cii,13334
78,cdi,13335
78,cde,13147
78,tie,13353
78,tde,13354
78,ra,11356
79,ddi,13343
79,ddd,13342
79,cie,13148
79,cii,13146
79,cdi,13143
79,cde,13144
79,tie,13344
79,tde,13345
79,ra,11353
76,ddi,13361
76,ddd,13360
76,cie,13337
76,cii,13336
76,cdi,13149
76,cde,13150
76,tie,13362
76,tde,13363
76,ra,11278